val_loss,epoch,step
0.2858045995235443,0,0
0.005103602074086666,0,0
